CuStepNo ValueY,dataset_size,n_features,n_anom,n_normal,threshold_percentile,threshold_value,accuracy,precision,recall,f1
3,100,23,10,90,90,2.387138212181799e-25,0.82,0.1,0.1,0.1
3,1000,24,100,900,90,3.5471315199198583e-16,0.82,0.1,0.1,0.1
3,5000,29,500,4500,90,5.746580831254654e-21,0.828,0.14,0.14,0.14
