CuStepNo ValueY,dataset_size,n_features,n_anom,n_normal,threshold_percentile,threshold_value,accuracy,precision,recall,f1
8,100,28,10,90,90,1.1310158924970892e-06,0.88,0.4,0.4,0.4
8,1000,28,100,900,90,0.14255429804325104,0.87,0.35,0.35,0.35
8,5000,29,500,4500,90,0.01578165963292122,0.8804,0.402,0.402,0.402
